{
    "data_dir": "/data", 
    "latlon": 
        {
        "chengdu": {"lat_range": [30.651076, 30.746897], "lon_range":[104.036759, 104.132023]},
        "geolife": {"lat_range": [39.84766800000029, 40.11334835399971], "lon_range":[116.1956099999994, 116.4879933000006]},
        "geolife_test": {"lat_range": [39.98990600000001, 40.01567799999999], "lon_range": [116.31307699999996, 116.33376100000002]}
        }
}