{
    "lat_range": [39.83166800000003, 40.12934835399997],
    "lon_range": [116.17960999999993, 116.50399330000008]
}